zone,service,vendor,source_sheet_row,pallet_1,pallet_2,pallet_3,pallet_4,pallet_5,pallet_6,pallet_7,pallet_8,pallet_9,pallet_10,pallet_11,pallet_12,pallet_13,pallet_14,pallet_15,pallet_16,pallet_17,pallet_18,pallet_19,pallet_20,pallet_21,pallet_22,pallet_23,pallet_24,pallet_25,pallet_26
BD,Next Day,Joda,4,46,78,99,122,140,162,182,193,204,210,210,210,210,250,250,250,250,250,250,250,250,250,250,250,250,250
BD,Next Day,McDowells,5,54,93,107,129,131,139,153,178,186,195,197,202,208,213,218,225,233,233,233,233,233,233,233,233,233,233
BD,Economy,Joda,6,39,70,84,102,123,146,182,193,204,210,210,210,210,250,250,250,250,250,250,250,250,250,250,250,250,250
BD,Economy,McDowells,7,47,86,102,126,127,133,133,133,133,133,133,133,133,133,133,133,133,133,133,133,133,133,133,133,133,133
HD,Next Day,Joda,8,46,78,99,122,140,162,204,238,250,273,284,295,307,318,329,343,343,343,343,343,343,343,343,343,343,343
HD,Next Day,McDowells,9,54,93,107,129,131,139,153,178,186,195,197,202,208,213,218,225,233,233,233,233,233,233,233,233,233,233
HD,Economy,Joda,10,39,70,84,102,123,146,204,238,250,273,284,295,307,318,329,343,343,343,343,343,343,343,343,343,343,343
HD,Economy,McDowells,11,47,86,102,126,127,133,133,133,133,133,133,133,133,133,133,133,133,133,133,133,133,133,133,133,133,133
HX,Next Day,Joda,12,46.0616,78.19760000000001,98.55040000000001,122.1168,140.3272,161.7512,204.38496,238.44912,249.80384,272.51328,283.8680000000001,295.22272,306.57744,317.93216,329.28688,342.784,342.784,342.784,342.784,342.784,342.784,342.784,342.784,342.784,342.784,342.784
HX,Next Day,McDowells,13,54,93,107,129,131,139,153,178,186,195,197,202,208,218,234,250,250,258,258,258,258,258,258,258,258,258
HX,Economy,Joda,14,38.5632,69.62800000000001,83.5536,101.764,123.188,145.6832,204.38496,238.44912,249.80384,272.51328,283.8680000000001,295.22272,306.57744,317.93216,329.28688,342.784,342.784,342.784,342.784,342.784,342.784,342.784,342.784,342.784,342.784,342.784
HX,Economy,McDowells,15,47,86,102,126,127,133,133,133,133,133,133,133,133,133,133,133,133,133,133,133,133,133,133,133,133,133
LS,Next Day,Joda,16,46,78,99,122,140,162,204,238,250,273,284,295,307,318,329,361,361,361,361,361,361,361,361,361,361,361
LS,Next Day,McDowells,17,54,93,107,129,131,139,153,178,186,195,197,202,208,213,218,225,233,233,233,233,233,233,233,233,233,233
LS,Economy,Joda,18,39,70,84,102,123,146,204,238,250,273,284,295,307,318,329,361,361,361,361,361,361,361,361,361,361,361
LS,Economy,McDowells,19,47,86,102,126,127,133,133,133,133,133,133,133,133,133,133,133,133,133,133,133,133,133,133,133,133,133
WF,Next Day,Joda,20,46,78,99,122,140,162,204,238,250,273,284,295,307,318,329,375,375,375,375,375,375,375,375,375,375,375
WF,Next Day,McDowells,21,54,93,107,129,131,139,153,178,186,195,197,202,208,213,218,225,233,233,233,233,233,233,233,233,233,233
WF,Economy,Joda,22,39,70,84,102,123,146,204,238,250,273,284,295,307,318,329,375,375,375,375,375,375,375,375,375,375,375
WF,Economy,McDowells,23,47,86,102,126,127,133,133,133,133,133,133,133,133,133,133,133,133,133,133,133,133,133,133,133,133,133
BB,Next Day,Joda,24,60,105,152,199,222,264,257,273,295,341,352,363,375,400,400,400,400,400,400,400,400,400,400,400,400,400
BB,Next Day,McDowells,25,55,110,165,201,217,239,256,291,311,322,340,343,348,353,356,357,357,357,357,357,357,357,357,357,357,357
BB,Economy,Joda,26,52,92,136,177,196,236,257,273,295,341,352,363,375,400,400,400,400,400,400,400,400,400,400,400,400,400
BB,Economy,McDowells,27,50,100,150,188,215,234,234,234,234,234,234,234,234,234,234,234,234,234,234,234,234,234,234,234,234,234
BL,Next Day,Joda,28,60,105,152,199,222,264,257,273,295,341,352,363,375,400,400,400,400,400,400,400,400,400,400,400,400,400
BL,Next Day,McDowells,29,55,110,165,201,217,239,256,291,311,322,340,343,348,353,356,357,357,357,357,357,357,357,357,357,357,357
BL,Economy,Joda,30,52,92,136,177,196,236,257,273,295,341,352,363,375,400,400,400,400,400,400,400,400,400,400,400,400,400
BL,Economy,McDowells,31,50,100,150,188,215,234,234,234,234,234,234,234,234,234,234,234,234,234,234,234,234,234,234,234,234,234
HG,Next Day,Joda,32,62,117,174,230,252,296,295,295,307,318,329,341,352,363,375,397,397,397,397,397,397,397,397,397,397,397
HG,Next Day,McDowells,33,55,110,165,201,217,239,256,291,311,322,340,343,348,353,356,357,357,357,357,357,357,357,357,357,357,357
HG,Economy,Joda,34,57,108,159,208,225,271,295,295,307,318,329,341,352,363,375,397,397,397,397,397,397,397,397,397,397,397
HG,Economy,McDowells,35,50,100,150,188,215,234,234,234,234,234,234,234,234,234,234,234,234,234,234,234,234,234,234,234,234,234
M,Next Day,Joda,36,60,105,152,199,222,258,257,273,295,341,352,363,397,400,400,400,400,400,400,400,400,400,400,400,400,400
M,Next Day,McDowells,37,55,110,165,201,217,239,256,291,311,322,340,343,348,353,356,357,357,357,357,357,357,357,357,357,357,357
M,Economy,Joda,38,52,92,136,177,196,236,257,273,295,341,352,363,397,400,400,400,400,400,400,400,400,400,400,400,400,400
M,Economy,McDowells,39,50,100,150,188,215,234,234,234,234,234,234,234,234,234,234,234,234,234,234,234,234,234,234,234,234,234
OL,Next Day,Joda,40,60,105,152,199,222,253,257,273,295,341,352,363,397,400,400,400,400,400,400,400,400,400,400,400,400,400
OL,Next Day,McDowells,41,55,110,165,201,217,239,256,291,311,322,340,343,348,353,356,357,357,357,357,357,357,357,357,357,357,357
OL,Economy,Joda,42,52,92,136,177,196,236,257,273,295,341,352,363,397,400,400,400,400,400,400,400,400,400,400,400,400,400
OL,Economy,McDowells,43,50,100,150,188,215,234,234,234,234,234,234,234,234,234,234,234,234,234,234,234,234,234,234,234,234,234
S,Next Day,Joda,44,60,116,169,220,236,269,273,273,295,341,352,363,397,400,415,415,415,415,415,415,415,415,415,415,415,415
S,Next Day,McDowells,45,55,110,165,201,217,239,256,291,311,322,340,343,348,353,356,357,357,357,357,357,357,357,357,357,357,357
S,Economy,Joda,46,52,101,149,197,207,242,273,273,295,341,352,363,397,400,415,415,415,415,415,415,415,415,415,415,415,415
S,Economy,McDowells,47,50,100,150,188,215,234,234,234,234,234,234,234,234,234,234,234,234,234,234,234,234,234,234,234,234,234
SK,Next Day,Joda,48,60,106,154,205,225,251,250,273,295,341,352,363,397,409,420,439,439,439,439,439,439,439,439,439,439,439
SK,Next Day,McDowells,49,55,110,165,201,217,239,256,291,311,322,340,343,348,353,356,357,357,357,357,357,357,357,357,357,357,357
SK,Economy,Joda,50,52,96,140,184,205,242,250,273,295,341,352,363,397,409,420,439,439,439,439,439,439,439,439,439,439,439
SK,Economy,McDowells,51,50,100,150,188,215,234,234,234,234,234,234,234,234,234,234,234,234,234,234,234,234,234,234,234,234,234
WN,Next Day,Joda,52,60,107,154,204,227,258,252,273,295,341,352,363,397,409,420,439,439,439,439,439,439,439,439,439,439,439
WN,Next Day,McDowells,53,55,110,165,201,217,239,256,291,311,322,340,343,348,353,356,357,357,357,357,357,357,357,357,357,357,357
WN,Economy,Joda,54,52,92,136,177,196,236,252,273,295,341,352,363,397,409,420,439,439,439,439,439,439,439,439,439,439,439
WN,Economy,McDowells,55,50,100,150,188,215,234,234,234,234,234,234,234,234,234,234,234,234,234,234,234,234,234,234,234,234,234
B,Next Day,Joda,56,57,114,165,171,229,268,300,342,385,428,471,513,521,521,521,589,589,589,589,589,589,589,589,589,589,589
B,Next Day,McDowells,57,58,116,174,221,253,284,306,354,381,406,415,420,426,431,436,441,446,452,457,467,476,476,476,476,476,476
B,Economy,Joda,58,51,101,149,195,209,251,300,342,385,428,471,513,521,521,521,589,589,589,589,589,589,589,589,589,589,589
B,Economy,McDowells,59,50,100,150,188,215,234,234,234,234,234,234,234,234,234,234,234,234,234,234,234,234,234,234,234,234,234
CW,Next Day,Joda,60,60,116,169,222,228,270,311,355,400,402,402,402,402,402,402,511,511,511,511,511,511,511,511,511,511,511
CW,Next Day,McDowells,61,58,116,174,221,253,284,306,354,381,406,415,420,426,431,436,441,446,452,457,467,476,476,476,476,476,476
CW,Economy,Joda,62,52,101,151,197,211,246,311,355,400,402,402,402,402,402,402,511,511,511,511,511,511,511,511,511,511,511
CW,Economy,McDowells,63,50,100,150,188,215,234,234,234,234,234,234,234,234,234,234,234,234,234,234,234,234,234,234,234,234,234
DE,Next Day,Joda,64,60,114,169,221,236,275,318,355,400,444,463,463,463,463,463,536,536,536,536,536,536,536,536,536,536,536
DE,Next Day,McDowells,65,57,114,171,208,230,269,283,319,332,368,379,389,400,410,426,436,441,446,446,446,446,446,446,446,446,446
DE,Economy,Joda,66,52,102,150,198,210,252,318,355,400,444,463,463,463,463,463,536,536,536,536,536,536,536,536,536,536,536
DE,Economy,McDowells,67,50,100,150,188,215,234,234,234,234,234,234,234,234,234,234,234,234,234,234,234,234,234,234,234,234,234
DN 1-14,Next Day,Joda,68,60,115,170,223,230,271,284,318,341,375,386,397,409,420,431,439,439,439,439,439,439,439,439,439,439,439
DN 1-14,Next Day,McDowells,69,55,110,165,201,217,239,256,291,311,322,340,343,348,353,356,357,357,357,357,357,357,357,357,357,357,357
DN 1-14,Economy,Joda,70,52,103,152,197,209,244,284,318,341,375,386,397,409,420,431,439,439,439,439,439,439,439,439,439,439,439
DN 1-14,Economy,McDowells,71,50,100,150,188,215,234,234,234,234,234,234,234,234,234,234,234,234,234,234,234,234,234,234,234,234,234
DN 15-25,Next Day,Joda,72,60,115,170,223,230,271,318,341,441,397,409,420,431,443,454,454,454,454,454,454,454,454,454,454,454,454
DN 15-25,Next Day,McDowells,73,55,110,165,201,217,239,256,291,311,322,340,343,348,353,356,357,357,357,357,357,357,357,357,357,357,357
DN 15-25,Economy,Joda,74,52,103,152,197,209,244,318,341,441,397,409,420,431,443,454,454,454,454,454,454,454,454,454,454,454,454
DN 15-25,Economy,McDowells,75,50,100,150,188,215,234,234,234,234,234,234,234,234,234,234,234,234,234,234,234,234,234,234,234,234,234
DN 26-40,Next Day,Joda,76,60,115,170,223,230,271,341,397,470,511,511,511,511,511,511,511,511,511,511,511,511,511,511,511,511,511
DN 26-40,Next Day,McDowells,77,55,110,165,201,217,239,256,291,311,322,340,343,348,353,356,357,357,357,357,357,357,357,357,357,357,357
DN 26-40,Economy,Joda,78,52,103,152,197,209,244,341,397,470,511,511,511,511,511,511,511,511,511,511,511,511,511,511,511,511,511
DN 26-40,Economy,McDowells,79,50,100,150,188,215,234,234,234,234,234,234,234,234,234,234,234,234,234,234,234,234,234,234,234,234,234
HU,Next Day,Joda,80,62,119,174,230,246,296,318,363,405,405,405,405,405,405,405,482,482,482,482,482,482,482,482,482,482,482
HU,Next Day,McDowells,81,58,116,174,221,253,284,306,354,381,406,415,420,426,431,436,441,446,452,457,467,476,476,476,476,476,476
HU,Economy,Joda,82,54,104,153,197,215,260,318,363,405,405,405,405,405,405,405,482,482,482,482,482,482,482,482,482,482,482
HU,Economy,McDowells,83,50,100,150,188,215,234,234,234,234,234,234,234,234,234,234,234,234,234,234,234,234,234,234,234,234,234
LE,Next Day,Joda,84,59,111,164,215,227,266,318,355,400,444,488,533,568,568,568,600,600,600,600,600,600,600,600,600,600,600
LE,Next Day,McDowells,85,58,116,174,221,253,284,306,354,381,406,415,420,426,431,436,441,446,452,457,467,476,476,476,476,476,476
LE,Economy,Joda,86,50,99,147,193,202,239,318,355,400,444,488,533,568,568,568,600,600,600,600,600,600,600,600,600,600,600
LE,Economy,McDowells,87,50,100,150,188,215,234,234,234,234,234,234,234,234,234,234,234,234,234,234,234,234,234,234,234,234,234
NG,Next Day,Joda,88,60,112,168,223,242,289,318,355,400,444,487,487,487,487,487,525,525,525,525,525,525,525,525,525,525,525
NG,Next Day,McDowells,89,57,114,171,208,230,269,283,319,332,368,379,389,400,410,426,436,441,446,446,446,446,446,446,446,446,446
NG,Economy,Joda,90,55,104,153,201,219,260,318,355,400,444,487,487,487,487,487,525,525,525,525,525,525,525,525,525,525,525
NG,Economy,McDowells,91,50,100,150,188,215,234,234,234,234,234,234,234,234,234,234,234,234,234,234,234,234,234,234,234,234,234
PR,Next Day,Joda,92,60,105,152,199,222,264,250,278,290,290,290,290,290,290,290,397,397,397,397,397,397,397,397,397,397,397
PR,Next Day,McDowells,93,57,114,171,208,230,269,283,319,332,337,340,343,348,353,356,357,357,357,357,357,357,357,357,357,357,357
PR,Economy,Joda,94,52,92,136,177,196,236,250,278,290,290,290,290,290,290,290,397,397,397,397,397,397,397,397,397,397,397
PR,Economy,McDowells,95,50,100,150,188,215,234,234,234,234,234,234,234,234,234,234,234,234,234,234,234,234,234,234,234,234,234
ST,Next Day,Joda,96,57,107,159,208,219,258,311,355,400,444,488,521,521,521,521,536,536,536,536,536,536,536,536,536,536,536
ST,Next Day,McDowells,97,58,116,174,221,253,284,306,354,381,406,415,420,426,431,436,441,446,452,457,467,476,476,476,476,476,476
ST,Economy,Joda,98,49,94,137,182,200,238,311,355,400,444,488,521,521,521,521,536,536,536,536,536,536,536,536,536,536,536
ST,Economy,McDowells,99,50,100,150,188,215,234,234,234,234,234,234,234,234,234,234,234,234,234,234,234,234,234,234,234,234,234
WA,Next Day,Joda,100,59,107,154,205,228,257,284,318,341,375,386,397,409,420,431,450,450,450,450,450,450,450,450,450,450,450
WA,Next Day,McDowells,101,58,116,174,221,253,284,306,354,381,406,415,420,426,431,436,441,446,452,457,467,476,476,476,476,476,476
WA,Economy,Joda,102,52,94,138,182,202,240,284,318,341,375,386,397,409,420,431,450,450,450,450,450,450,450,450,450,450,450
WA,Economy,McDowells,103,50,100,150,188,215,234,234,234,234,234,234,234,234,234,234,234,234,234,234,234,234,234,234,234,234,234
WS,Next Day,Joda,104,57,107,157,207,229,268,287,328,369,410,451,493,534,545,568,589,589,589,589,589,589,589,589,589,589,589
WS,Next Day,McDowells,105,58,116,174,221,253,284,306,354,381,406,415,420,426,431,436,441,446,452,457,467,476,476,476,476,476,476
WS,Economy,Joda,106,51,99,145,190,204,246,287,328,369,410,451,493,534,545,568,589,589,589,589,589,589,589,589,589,589,589
WS,Economy,McDowells,107,50,100,150,188,215,234,234,234,234,234,234,234,234,234,234,234,234,234,234,234,234,234,234,234,234,234
WV,Next Day,Joda,108,57,107,157,206,225,268,300,342,385,428,471,513,521,546,584,589,589,589,589,589,589,589,589,589,589,589
WV,Next Day,McDowells,109,58,116,174,221,253,284,306,354,381,406,415,420,426,431,436,441,446,452,457,467,476,476,476,476,476,476
WV,Economy,Joda,110,51,99,142,189,202,246,300,342,385,428,471,513,521,546,584,589,589,589,589,589,589,589,589,589,589,589
WV,Economy,McDowells,111,50,100,150,188,215,234,234,234,234,234,234,234,234,234,234,234,234,234,234,234,234,234,234,234,234,234
AL,Next Day,Joda,112,62,117,174,230,252,300,318,355,400,444,488,533,577,621,661,721,721,721,721,721,721,721,721,721,721,721
AL,Next Day,McDowells,113,58,116,174,221,253,284,306,354,381,406,415,426,436,446,457,498,509,519,529,545,566,566,566,566,566,566
AL,Economy,Joda,114,57,108,159,208,227,271,318,355,400,444,488,533,577,621,661,721,721,721,721,721,721,721,721,721,721,721
AL,Economy,McDowells,115,52,104,156,202,225,262,262,262,262,262,262,262,262,262,262,262,262,262,262,262,262,262,262,262,262,262
CB,Next Day,Joda,116,66,127,189,244,268,317,318,355,400,444,488,533,577,621,626,681,681,681,681,681,681,681,681,681,681,681
CB,Next Day,McDowells,117,58,116,174,221,253,284,349,415,426,436,446,457,467,477,488,498,509,519,519,519,519,519,519,519,519,519
CB,Economy,Joda,118,55,104,153,201,219,260,318,355,400,444,488,533,577,621,626,681,681,681,681,681,681,681,681,681,681,681
CB,Economy,McDowells,119,52,104,156,202,225,262,262,262,262,262,262,262,262,262,262,262,262,262,262,262,262,262,262,262,262,262
CH,Next Day,Joda,120,60,115,170,223,229,271,307,318,341,375,386,397,409,454,477,511,511,511,511,511,511,511,511,511,511,511
CH,Next Day,McDowells,121,58,116,174,221,253,284,306,354,381,406,415,420,426,431,436,441,446,452,457,467,476,476,476,476,476,476
CH,Economy,Joda,122,52,103,151,200,209,242,307,318,341,375,386,397,409,454,477,511,511,511,511,511,511,511,511,511,511,511
CH,Economy,McDowells,123,50,100,150,188,215,234,234,234,234,234,234,234,234,234,234,234,234,234,234,234,234,234,234,234,234,234
CV,Next Day,Joda,124,61,112,169,222,242,289,318,355,400,444,488,533,568,568,568,625,625,625,625,625,625,625,625,625,625,625
CV,Next Day,McDowells,125,58,116,174,221,253,284,306,354,381,406,415,420,426,431,436,441,446,452,457,467,476,476,476,476,476,476
CV,Economy,Joda,126,55,104,153,201,219,260,318,355,400,444,488,533,568,568,568,625,625,625,625,625,625,625,625,625,625,625
CV,Economy,McDowells,127,50,100,150,188,215,234,234,234,234,234,234,234,234,234,234,234,234,234,234,234,234,234,234,234,234,234
DH,Next Day,Joda,128,66,127,191,249,262,311,318,399,449,477,511,511,511,511,511,536,536,536,536,536,536,536,536,536,536,536
DH,Next Day,McDowells,129,58,116,174,221,253,284,306,354,381,406,415,420,426,431,436,441,446,452,457,467,476,476,476,476,476,476
DH,Economy,Joda,130,52,103,153,200,211,250,318,399,449,477,511,511,511,511,511,536,536,536,536,536,536,536,536,536,536,536
DH,Economy,McDowells,131,50,100,150,188,215,234,234,234,234,234,234,234,234,234,234,234,234,234,234,234,234,234,234,234,234,234
DL,Next Day,Joda,132,66,129,192,249,264,310,318,399,449,498,511,511,511,511,511,567,567,567,567,567,567,567,567,567,567,567
DL,Next Day,McDowells,133,57,114,171,208,230,269,283,319,332,368,379,389,400,410,426,436,441,446,446,446,446,446,446,446,446,446
DL,Economy,Joda,134,52,102,151,199,211,250,318,399,449,498,511,511,511,511,511,567,567,567,567,567,567,567,567,567,567,567
DL,Economy,McDowells,135,50,100,150,188,215,234,234,234,234,234,234,234,234,234,234,234,234,234,234,234,234,234,234,234,234,234
DY,Next Day,Joda,136,57,107,159,208,225,268,300,342,385,428,471,513,521,521,521,575,575,575,575,575,575,575,575,575,575,575
DY,Next Day,McDowells,137,58,116,174,221,253,284,306,354,381,406,415,420,426,431,436,441,446,452,457,467,476,476,476,476,476,476
DY,Economy,Joda,138,51,101,149,195,209,251,300,342,385,428,471,513,521,521,521,575,575,575,575,575,575,575,575,575,575,575
DY,Economy,McDowells,139,50,100,150,188,215,234,234,234,234,234,234,234,234,234,234,234,234,234,234,234,234,234,234,234,234,234
GL,Next Day,Joda,140,60,112,168,223,242,289,386,464,618,618,618,618,618,670,670,670,670,670,670,670,670,670,670,670,670,670
GL,Next Day,McDowells,141,58,116,174,221,253,284,349,415,426,436,446,457,467,477,488,498,509,519,519,519,519,519,519,519,519,519
GL,Economy,Joda,142,55,104,153,201,219,260,386,464,618,618,618,618,618,670,670,670,670,670,670,670,670,670,670,670,670,670
GL,Economy,McDowells,143,52,104,156,202,225,262,262,262,262,262,262,262,262,262,262,262,262,262,262,262,262,262,262,262,262,262
HP,Next Day,Joda,144,62,117,174,230,252,300,318,355,400,444,488,533,577,621,667,738,738,738,738,738,738,738,738,738,738,738
HP,Next Day,McDowells,145,58,116,174,221,253,284,306,354,381,406,415,426,436,446,457,498,509,519,529,545,566,566,566,566,566,566
HP,Economy,Joda,146,57,108,159,208,225,271,318,355,400,444,488,533,577,621,667,738,738,738,738,738,738,738,738,738,738,738
HP,Economy,McDowells,147,52,104,156,202,225,262,262,262,262,262,262,262,262,262,262,262,262,262,262,262,262,262,262,262,262,262
HR,Next Day,Joda,148,62,117,174,230,252,300,318,363,409,454,498,544,589,635,680,738,738,738,738,738,738,738,738,738,738,738
HR,Next Day,McDowells,149,58,116,174,221,253,284,306,354,381,406,415,426,436,446,457,498,509,519,529,545,566,566,566,566,566,566
HR,Economy,Joda,150,57,108,159,208,225,271,318,363,409,454,498,544,589,635,680,738,738,738,738,738,738,738,738,738,738,738
HR,Economy,McDowells,151,52,104,156,202,225,262,262,262,262,262,262,262,262,262,262,262,262,262,262,262,262,262,262,262,262,262
LL1-34,Next Day,Joda,152,84.6248,169.2496,249.5896,323.5024,345.9976,402.7712,,,,,,,,,,,,,,,,,,,,
LL1-34,Next Day,McDowells,153,58,116,174,221,253,284,349,415,426,436,446,457,467,477,488,498,509,519,519,519,519,519,519,519,519,519
LL1-34,Economy,Joda,154,76.0552,148.8968,219.596,287.0816,303.1496,360.9944,,,,,,,,,,,,,,,,,,,,
LL1-34,Economy,McDowells,155,52,104,156,202,225,262,262,262,262,262,262,262,262,262,262,262,262,262,262,262,262,262,262,262,262,262
LL 35-78,Next Day,Joda,156,84.6248,169.2496,249.5896,323.5024,345.9976,402.7712,,,,,,,,,,,,,,,,,,,,
LL 35-78,Next Day,McDowells,157,93,183,269,351,422,486,552,618,683,716,779,882,986,986,986,986,986,986,986,986,986,986,986,986,986,986
LL 35-78,Economy,Joda,158,76.0552,148.8968,219.596,287.0816,303.1496,360.9944,,,,,,,,,,,,,,,,,,,,
LL 35-78,Economy,McDowells,159,77,154,231,297,372,429,429,429,429,429,429,429,429,429,429,429,429,429,429,429,429,429,429,429,429,429
LN,Next Day,Joda,160,62,117,174,230,252,300,386,415,425,447,515,550,550,550,550,550,550,550,550,550,550,550,550,550,550,550
LN,Next Day,McDowells,161,58,116,174,221,253,284,306,354,381,406,415,426,436,446,457,467,477,488,498,503,511,511,511,511,511,511
LN,Economy,Joda,162,57,108,159,208,225,271,386,415,425,447,515,550,550,550,550,550,550,550,550,550,550,550,550,550,550,550
LN,Economy,McDowells,163,52,104,156,202,225,262,262,262,262,262,262,262,262,262,262,262,262,262,262,262,262,262,262,262,262,262
LU,Next Day,Joda,164,62,117,174,230,252,300,318,355,400,444,488,533,577,621,637,681,681,681,681,681,681,681,681,681,681,681
LU,Next Day,McDowells,165,58,116,174,221,253,284,349,415,426,436,446,457,467,477,488,498,509,519,519,519,519,519,519,519,519,519
LU,Economy,Joda,166,57,108,159,208,225,271,318,355,400,444,488,533,577,621,637,681,681,681,681,681,681,681,681,681,681,681
LU,Economy,McDowells,167,52,104,156,202,225,262,262,262,262,262,262,262,262,262,262,262,262,262,262,262,262,262,262,262,262,262
MK,Next Day,Joda,168,60,112,168,223,242,289,318,355,400,444,488,533,577,579,579,600,600,600,600,600,600,600,600,600,600,600
MK,Next Day,McDowells,169,58,116,174,221,253,284,306,354,381,406,415,426,436,446,457,467,477,488,498,503,511,511,511,511,511,511
MK,Economy,Joda,170,55,104,153,201,219,260,318,355,400,444,488,533,577,579,579,600,600,600,600,600,600,600,600,600,600,600
MK,Economy,McDowells,171,52,104,156,202,225,262,262,262,262,262,262,262,262,262,262,262,262,262,262,262,262,262,262,262,262,262
NE,Next Day,Joda,172,66,130,190,246,262,312,349,399,449,498,521,521,521,521,521,568,568,568,568,568,568,568,568,568,568,568
NE,Next Day,McDowells,173,58,116,174,221,253,284,306,354,381,406,415,420,426,431,436,441,446,452,457,467,476,476,476,476,476,476
NE,Economy,Joda,174,52,102,148,193,200,250,349,399,449,498,521,521,521,521,521,568,568,568,568,568,568,568,568,568,568,568
NE,Economy,McDowells,175,50,100,150,188,215,234,234,234,234,234,234,234,234,234,234,234,234,234,234,234,234,234,234,234,234,234
NN,Next Day,Joda,176,60,112,168,223,242,289,318,355,400,444,488,533,556,556,556,600,600,600,600,600,600,600,600,600,600,600
NN,Next Day,McDowells,177,58,116,174,221,253,284,306,354,381,406,415,426,436,446,457,467,477,488,498,503,511,511,511,511,511,511
NN,Economy,Joda,178,55,104,153,201,219,260,318,355,400,444,488,533,556,556,556,600,600,600,600,600,600,600,600,600,600,600
NN,Economy,McDowells,179,52,104,156,202,225,262,262,262,262,262,262,262,262,262,262,262,262,262,262,262,262,262,262,262,262,262
OX,Next Day,Joda,180,62,117,174,230,252,297,318,355,400,444,488,533,577,621,637,681,681,681,681,681,681,681,681,681,681,681
OX,Next Day,McDowells,181,58,116,174,221,253,284,306,354,381,406,415,426,436,446,457,498,509,519,529,545,566,566,566,566,566,566
OX,Economy,Joda,182,57,108,159,208,225,271,318,355,400,444,488,533,577,621,637,681,681,681,681,681,681,681,681,681,681,681
OX,Economy,McDowells,183,52,104,156,202,225,262,262,262,262,262,262,262,262,262,262,262,262,262,262,262,262,262,262,262,262,262
SG,Next Day,Joda,184,62,117,174,230,252,300,311,355,400,444,488,533,577,621,667,715,715,715,715,715,715,715,715,715,715,715
SG,Next Day,McDowells,185,58,116,174,221,253,284,349,415,426,436,446,457,467,477,488,498,509,519,519,519,519,519,519,519,519,519
SG,Economy,Joda,186,57,108,159,208,225,271,311,355,400,444,488,533,577,621,667,715,715,715,715,715,715,715,715,715,715,715
SG,Economy,McDowells,187,52,104,156,202,225,262,262,262,262,262,262,262,262,262,262,262,262,262,262,262,262,262,262,262,262,262
SN,Next Day,Joda,188,62,117,174,230,252,300,311,355,400,444,488,533,577,621,667,738,738,738,738,738,738,738,738,738,738,738
SN,Next Day,McDowells,189,63,126,184,252,284,322,364,445,477,509,540,566,583,600,616,637,651,670,688,706,779,779,779,779,779,779
SN,Economy,Joda,190,57,108,159,208,225,271,311,355,400,444,488,533,577,621,667,738,738,738,738,738,738,738,738,738,738,738
SN,Economy,McDowells,191,60,118,175,227,263,300,300,300,300,300,300,300,300,300,300,300,300,300,300,300,300,300,300,300,300,300
SR,Next Day,Joda,192,66,127,189,247,261,312,349,399,449,498,521,521,521,521,521,536,536,536,536,536,536,536,536,536,536,536
SR,Next Day,McDowells,193,58,116,174,221,253,284,306,354,381,406,415,420,426,431,436,441,446,452,457,467,476,476,476,476,476,476
SR,Economy,Joda,194,51,100,149,195,208,249,349,399,449,498,521,521,521,521,521,536,536,536,536,536,536,536,536,536,536,536
SR,Economy,McDowells,195,50,100,150,188,215,234,234,234,234,234,234,234,234,234,234,234,234,234,234,234,234,234,234,234,234,234
SY 1-2,Next Day,Joda,196,85,169,247,322,337,403,449,512,556,562,578,595,611,621,637,664,664,664,664,664,664,664,664,664,664,664
SY 1-2,Next Day,McDowells,197,58,116,174,221,253,284,306,354,381,406,415,420,426,431,436,441,446,452,457,467,476,476,476,476,476,476
SY 1-2,Economy,Joda,198,76,149,220,287,301,361,449,512,556,562,578,595,611,621,637,664,664,664,664,664,664,664,664,664,664,664
SY 1-2,Economy,McDowells,199,50,100,150,188,215,234,234,234,234,234,234,234,234,234,234,234,234,234,234,234,234,234,234,234,234,234
TF,Next Day,Joda,200,60,112,168,223,242,289,300,342,385,428,471,513,521,521,521,545,545,545,545,545,545,545,545,545,545,545
TF,Next Day,McDowells,201,58,116,174,221,253,284,306,354,381,406,415,420,426,431,436,441,446,452,457,467,476,476,476,476,476,476
TF,Economy,Joda,202,56,110,161,167,224,266,300,342,385,428,471,513,521,521,521,545,545,545,545,545,545,545,545,545,545,545
TF,Economy,McDowells,203,50,100,150,188,215,234,234,234,234,234,234,234,234,234,234,234,234,234,234,234,234,234,234,234,234,234
TS,Next Day,Joda,204,66,127,189,244,262,315,349,399,449,498,511,511,511,511,511,511,511,511,511,511,511,511,511,511,511,511
TS,Next Day,McDowells,205,57,114,171,208,230,269,283,319,332,368,379,389,400,410,426,436,441,446,446,446,446,446,446,446,446,446
TS,Economy,Joda,206,51,102,149,196,209,250,349,399,449,498,511,511,511,511,511,511,511,511,511,511,511,511,511,511,511,511
TS,Economy,McDowells,207,50,100,150,188,215,234,234,234,234,234,234,234,234,234,234,234,234,234,234,234,234,234,234,234,234,234
WR,Next Day,Joda,208,60,112,168,223,242,289,311,355,400,444,488,533,577,579,616,681,681,681,681,681,681,681,681,681,681,681
WR,Next Day,McDowells,209,58,116,174,221,253,284,306,354,381,406,415,426,436,446,457,467,477,488,498,503,511,511,511,511,511,511
WR,Economy,Joda,210,55,104,153,201,219,260,311,355,400,444,488,533,577,579,616,681,681,681,681,681,681,681,681,681,681,681
WR,Economy,McDowells,211,52,104,156,202,225,262,262,262,262,262,262,262,262,262,262,262,262,262,262,262,262,262,262,262,262,262
BA,Next Day,Joda,212,62,117,174,230,252,300,318,355,400,444,488,533,577,621,667,750,750,750,750,750,750,750,750,750,750,750
BA,Next Day,McDowells,213,77,148,216,286,337,387,437,492,526,558,602,644,685,727,768,810,851,893,934,955,971,971,971,971,971,971
BA,Economy,Joda,214,57,108,159,208,225,271,318,355,400,444,488,533,577,621,667,750,750,750,750,750,750,750,750,750,750,750
BA,Economy,McDowells,215,61,122,183,244,291,349,349,349,349,349,349,349,349,349,349,349,349,349,349,349,349,349,349,349,349,349
BS,Next Day,Joda,216,62,117,174,230,252,300,318,355,400,444,488,533,577,621,637,773,773,773,773,773,773,773,773,773,773,773
BS,Next Day,McDowells,217,63,126,184,252,284,322,364,445,477,509,540,566,583,600,616,637,651,670,688,706,779,779,779,779,779,779
BS,Economy,Joda,218,57,108,159,208,227,271,318,355,400,444,488,533,577,621,637,773,773,773,773,773,773,773,773,773,773,773
BS,Economy,McDowells,219,60,118,175,227,263,300,300,300,300,300,300,300,300,300,300,300,300,300,300,300,300,300,300,300,300,300
CF,Next Day,Joda,220,62,117,174,230,252,300,350,413,464,493,527,542,577,621,675,773,773,773,773,773,773,773,773,773,773,773
CF,Next Day,McDowells,221,63,126,184,252,284,322,364,445,477,509,540,566,583,600,616,637,651,670,688,706,779,779,779,779,779,779
CF,Economy,Joda,222,57,108,159,208,227,271,350,413,464,493,527,542,577,621,675,773,773,773,773,773,773,773,773,773,773,773
CF,Economy,McDowells,223,60,118,175,227,263,300,300,300,300,300,300,300,300,300,300,300,300,300,300,300,300,300,300,300,300,300
CM,Next Day,Joda,224,62,117,174,230,252,300,318,355,400,444,488,533,577,621,667,702,702,702,702,702,702,702,702,702,702,702
CM,Next Day,McDowells,225,63,126,184,252,284,322,364,445,477,509,540,566,583,600,616,637,651,670,688,706,779,779,779,779,779,779
CM,Economy,Joda,226,57,108,159,208,225,271,318,355,400,444,488,533,577,621,667,702,702,702,702,702,702,702,702,702,702,702
CM,Economy,McDowells,227,60,118,175,227,263,300,300,300,300,300,300,300,300,300,300,300,300,300,300,300,300,300,300,300,300,300
CO,Next Day,Joda,228,66,127,189,244,268,317,349,399,449,498,548,598,648,695,695,738,738,738,738,738,738,738,738,738,738,738
CO,Next Day,McDowells,229,63,126,184,252,284,322,364,445,477,509,540,566,583,600,616,637,651,670,688,706,779,779,779,779,779,779
CO,Economy,Joda,230,55,104,153,201,219,260,349,399,449,498,548,598,648,695,695,738,738,738,738,738,738,738,738,738,738,738
CO,Economy,McDowells,231,60,118,175,227,263,300,300,300,300,300,300,300,300,300,300,300,300,300,300,300,300,300,300,300,300,300
EN,Next Day,Joda,232,64,123,180,239,260,305,322,368,414,460,506,552,598,644,690,795,795,795,795,795,795,795,795,795,795,795
EN,Next Day,McDowells,233,58,116,174,221,253,284,349,415,426,436,467,488,509,529,550,571,592,612,623,633,649,649,649,649,649,649
EN,Economy,Joda,234,58,111,164,216,239,285,322,368,414,460,506,552,598,644,690,795,795,795,795,795,795,795,795,795,795,795
EN,Economy,McDowells,235,52,104,156,202,225,262,262,262,262,262,262,262,262,262,262,262,262,262,262,262,262,262,262,262,262,262
FY,Next Day,Joda,236,60,112,166,217,223,264,311,355,400,402,402,402,402,402,402,454,454,454,454,454,454,454,454,454,454,454
FY,Next Day,McDowells,237,58,116,174,221,253,284,306,354,381,406,415,420,426,431,436,441,446,452,457,467,476,476,476,476,476,476
FY,Economy,Joda,238,52,99,147,193,202,239,311,355,400,402,402,402,402,402,402,454,454,454,454,454,454,454,454,454,454,454
FY,Economy,McDowells,239,50,100,150,188,215,234,234,234,234,234,234,234,234,234,234,234,234,234,234,234,234,234,234,234,234,234
GU,Next Day,Joda,240,76,147,212,280,300,360,387,443,498,553,609,664,720,750,750,775,775,775,775,775,775,775,775,775,775,775
GU,Next Day,McDowells,241,63,126,184,252,284,322,364,445,477,509,540,566,583,600,616,637,651,670,688,706,779,779,779,779,779,779
GU,Economy,Joda,242,63,119,175,229,252,300,387,443,498,553,609,664,720,750,750,775,775,775,775,775,775,775,775,775,775,775
GU,Economy,McDowells,243,60,118,175,227,263,300,300,300,300,300,300,300,300,300,300,300,300,300,300,300,300,300,300,300,300,300
HA,Next Day,Joda,244,69,132,196,253,280,331,349,399,449,498,548,598,648,695,695,795,795,795,795,795,795,795,795,795,795,795
HA,Next Day,McDowells,245,58,116,174,221,253,284,349,415,426,436,467,488,509,529,550,571,592,612,623,633,649,649,649,649,649,649
HA,Economy,Joda,246,62,117,175,231,253,302,349,399,449,498,548,598,648,695,695,795,795,795,795,795,795,795,795,795,795,795
HA,Economy,McDowells,247,52,104,156,202,225,262,262,262,262,262,262,262,262,262,262,262,262,262,262,262,262,262,262,262,262,262
IG,Next Day,Joda,248,64,123,180,239,260,305,322,368,414,460,506,552,598,644,690,738,738,738,738,738,738,738,738,738,738,738
IG,Next Day,McDowells,249,63,126,184,252,284,322,364,445,477,509,540,566,583,600,616,637,651,670,688,706,779,779,779,779,779,779
IG,Economy,Joda,250,58,111,164,216,239,285,322,368,414,460,506,552,598,644,690,738,738,738,738,738,738,738,738,738,738,738
IG,Economy,McDowells,251,60,118,175,227,263,300,300,300,300,300,300,300,300,300,300,300,300,300,300,300,300,300,300,300,300,300
IP,Next Day,Joda,252,66,127,189,244,268,317,349,399,449,498,548,598,648,695,695,738,738,738,738,738,738,738,738,738,738,738
IP,Next Day,McDowells,253,58,116,174,221,253,284,349,415,426,436,467,488,509,529,550,571,592,612,623,633,649,649,649,649,649,649
IP,Economy,Joda,254,55,104,153,201,219,260,349,399,449,498,548,598,648,695,695,738,738,738,738,738,738,738,738,738,738,738
IP,Economy,McDowells,255,52,104,156,202,225,262,262,262,262,262,262,262,262,262,262,262,262,262,262,262,262,262,262,262,262,262
LA 1-10,Next Day,Joda,256,59,112,167,220,231,273,318,332,347,359,370,386,375,375,375,455,455,455,455,455,455,455,455,455,455,455
LA 1-10,Next Day,McDowells,257,58,116,174,221,253,284,306,354,381,406,415,420,426,431,436,441,446,452,457,467,476,476,476,476,476,476
LA 1-10,Economy,Joda,258,52,102,150,197,209,246,318,332,347,359,370,386,375,375,375,455,455,455,455,455,455,455,455,455,455,455
LA 1-10,Economy,McDowells,259,50,100,150,188,215,234,234,234,234,234,234,234,234,234,234,234,234,234,234,234,234,234,234,234,234,234
LA 11+,Next Day,Joda,260,82,165,243,317,332,392,391,396,402,418,428,445,445,445,445,511,511,511,511,511,511,511,511,511,511,511
LA 11+,Next Day,McDowells,261,58,116,174,221,253,284,306,354,381,406,415,420,426,431,436,441,446,452,457,467,476,476,476,476,476,476
LA 11+,Economy,Joda,262,76,149,215,285,297,358,391,396,402,418,428,445,445,445,445,511,511,511,511,511,511,511,511,511,511,511
LA 11+,Economy,McDowells,263,50,100,150,188,215,234,234,234,234,234,234,234,234,234,234,234,234,234,234,234,234,234,234,234,234,234
NP,Next Day,Joda,264,62,117,174,230,252,296,318,355,400,444,488,533,577,621,661,795,795,795,795,795,795,795,795,795,795,795
NP,Next Day,McDowells,265,63,126,184,252,284,322,364,445,477,509,540,566,583,600,616,637,651,670,688,706,779,779,779,779,779,779
NP,Economy,Joda,266,57,108,159,208,225,271,318,355,400,444,488,533,577,621,661,795,795,795,795,795,795,795,795,795,795,795
NP,Economy,McDowells,267,60,118,175,227,263,300,300,300,300,300,300,300,300,300,300,300,300,300,300,300,300,300,300,300,300,300
NR,Next Day,Joda,268,66,127,189,244,268,317,349,399,449,498,548,598,648,695,695,738,738,738,738,738,738,738,738,738,738,738
NR,Next Day,McDowells,269,58,116,174,221,253,284,349,415,426,436,467,488,509,529,550,571,592,612,623,633,649,649,649,649,649,649
NR,Economy,Joda,270,55,104,153,201,219,260,349,399,449,498,548,598,648,695,695,738,738,738,738,738,738,738,738,738,738,738
NR,Economy,McDowells,271,52,104,156,202,225,262,262,262,262,262,262,262,262,262,262,262,262,262,262,262,262,262,262,262,262,262
PE 1-20,Next Day,Joda,272,62,117,174,230,252,300,318,355,400,444,488,533,556,556,556,625,625,625,625,625,625,625,625,625,625,625
PE 1-20,Next Day,McDowells,273,58,116,174,221,253,284,349,415,426,436,446,457,467,477,488,498,509,519,519,519,519,519,519,519,519,519
PE 1-20,Economy,Joda,274,57,108,159,208,225,271,318,355,400,444,488,533,556,556,556,625,625,625,625,625,625,625,625,625,625,625
PE 1-20,Economy,McDowells,275,52,104,156,202,225,262,262,262,262,262,262,262,262,262,262,262,262,262,262,262,262,262,262,262,262,262
PE 21-29,Next Day,Joda,276,66,127,189,244,266,304,349,399,449,498,548,598,637,637,637,659,659,659,659,659,659,659,659,659,659,659
PE 21-29,Next Day,McDowells,277,58,116,174,221,253,284,349,415,426,436,446,457,467,477,488,498,509,519,519,519,519,519,519,519,519,519
PE 21-29,Economy,Joda,278,55,104,153,201,219,260,349,399,449,498,548,598,637,637,637,659,659,659,659,659,659,659,659,659,659,659
PE 21-29,Economy,McDowells,279,52,104,156,202,225,262,262,262,262,262,262,262,262,262,262,262,262,262,262,262,262,262,262,262,262,262
PE 30,Next Day,Joda,280,66,127,189,244,268,317,319,340,360,380,400,420,454,488,522,659,659,659,659,659,659,659,659,659,659,659
PE 30,Next Day,McDowells,281,58,116,174,221,253,284,349,415,426,436,446,457,467,477,488,498,509,519,519,519,519,519,519,519,519,519
PE 30,Economy,Joda,282,55,104,153,201,219,260,319,340,360,380,400,420,454,488,522,659,659,659,659,659,659,659,659,659,659,659
PE 30,Economy,McDowells,283,52,104,156,202,225,262,262,262,262,262,262,262,262,262,262,262,262,262,262,262,262,262,262,262,262,262
RG,Next Day,Joda,284,64,123,180,239,260,305,322,368,414,460,506,552,598,644,684,773,773,773,773,773,773,773,773,773,773,773
RG,Next Day,McDowells,285,63,126,184,252,284,322,364,445,477,509,540,566,583,600,616,637,651,670,688,706,779,779,779,779,779,779
RG,Economy,Joda,286,58,111,164,216,239,285,322,368,414,460,506,552,598,644,684,773,773,773,773,773,773,773,773,773,773,773
RG,Economy,McDowells,287,60,118,175,227,263,300,300,300,300,300,300,300,300,300,300,300,300,300,300,300,300,300,300,300,300,300
RM,Next Day,Joda,288,64,123,180,239,260,305,322,368,414,460,506,552,598,644,684,773,773,773,773,773,773,773,773,773,773,773
RM,Next Day,McDowells,289,63,126,184,252,284,322,364,445,477,509,540,566,583,600,616,637,651,670,688,706,779,779,779,779,779,779
RM,Economy,Joda,290,58,111,164,216,239,285,322,368,414,460,506,552,598,644,684,773,773,773,773,773,773,773,773,773,773,773
RM,Economy,McDowells,291,60,118,175,227,263,300,300,300,300,300,300,300,300,300,300,300,300,300,300,300,300,300,300,300,300,300
SL,Next Day,Joda,292,64,124,182,241,260,303,322,368,414,460,506,552,598,644,672,795,795,795,795,795,795,795,795,795,795,795
SL,Next Day,McDowells,293,63,126,184,252,284,322,364,445,477,509,540,566,583,600,616,637,651,670,688,706,779,779,779,779,779,779
SL,Economy,Joda,294,59,110,164,219,241,285,322,368,414,460,506,552,598,644,672,795,795,795,795,795,795,795,795,795,795,795
SL,Economy,McDowells,295,60,118,175,227,263,300,300,300,300,300,300,300,300,300,300,300,300,300,300,300,300,300,300,300,300,300
SP,Next Day,Joda,296,66,127,189,244,268,317,349,399,449,498,548,598,648,698,748,800,800,800,800,800,800,800,800,800,800,800
SP,Next Day,McDowells,297,77,148,216,286,337,387,437,492,526,558,602,644,685,727,768,810,851,893,934,955,971,971,971,971,971,971
SP,Economy,Joda,298,55,104,153,201,219,260,349,399,449,498,548,598,648,698,748,800,800,800,800,800,800,800,800,800,800,800
SP,Economy,McDowells,299,61,122,183,244,291,349,349,349,349,349,349,349,349,349,349,349,349,349,349,349,349,349,349,349,349,349
WD,Next Day,Joda,300,62,117,174,230,252,300,311,355,400,444,488,533,577,621,667,738,738,738,738,738,738,738,738,738,738,738
WD,Next Day,McDowells,301,58,116,174,221,253,284,306,354,381,406,415,426,436,446,457,498,509,519,529,545,566,566,566,566,566,566
WD,Economy,Joda,302,57,108,159,208,225,271,311,355,400,444,488,533,577,621,667,738,738,738,738,738,738,738,738,738,738,738
WD,Economy,McDowells,303,52,104,156,202,225,262,262,262,262,262,262,262,262,262,262,262,262,262,262,262,262,262,262,262,262,262
YO (All Other),Next Day,Joda,304,66,127,189,244,268,317,349,399,449,498,511,511,511,511,511,511,511,511,511,511,511,511,511,511,511,511
YO (All Other),Next Day,McDowells,305,58,116,174,221,253,284,349,415,426,436,446,457,467,477,488,498,509,519,519,519,519,519,519,519,519,519
YO (All Other),Economy,Joda,306,55,104,153,201,219,260,349,399,449,498,511,511,511,511,511,511,511,511,511,511,511,511,511,511,511,511
YO (All Other),Economy,McDowells,307,52,104,156,202,225,262,262,262,262,262,262,262,262,262,262,262,262,262,262,262,262,262,262,262,262,262
"YO1-8,19,51,60",Next Day,Joda,308,66,127,189,244,268,317,284,318,341,375,386,397,409,420,431,450,450,450,450,450,450,450,450,450,450,450
"YO1-8,19,51,60",Next Day,McDowells,309,58,116,174,221,253,284,349,415,426,436,446,457,467,477,488,498,509,519,519,519,519,519,519,519,519,519
"YO1-8,19,51,60",Economy,Joda,310,55,104,153,201,219,260,284,318,341,375,386,397,409,420,431,450,450,450,450,450,450,450,450,450,450,450
"YO1-8,19,51,60",Economy,McDowells,311,52,104,156,202,225,262,262,262,262,262,262,262,262,262,262,262,262,262,262,262,262,262,262,262,262,262
BR,Next Day,Joda,312,69,132,196,253,280,331,349,399,449,498,548,598,648,695,695,795,795,795,795,795,795,795,795,795,795,795
BR,Next Day,McDowells,313,63,126,184,252,284,322,364,445,477,509,540,566,583,600,616,637,651,670,688,706,779,779,779,779,779,779
BR,Economy,Joda,314,62,117,175,231,253,302,349,399,449,498,548,598,648,695,695,795,795,795,795,795,795,795,795,795,795,795
BR,Economy,McDowells,315,60,118,175,227,263,300,300,300,300,300,300,300,300,300,300,300,300,300,300,300,300,300,300,300,300,300
CR,Next Day,Joda,316,75,148,216,284,305,363,382,436,491,545,600,654,695,695,695,795,795,795,795,795,795,795,795,795,795,795
CR,Next Day,McDowells,317,63,126,184,252,284,322,364,445,477,509,540,566,583,600,616,637,651,670,688,706,779,779,779,779,779,779
CR,Economy,Joda,318,67,131,193,253,276,333,382,436,491,545,600,654,695,695,695,795,795,795,795,795,795,795,795,795,795,795
CR,Economy,McDowells,319,60,118,175,227,263,300,300,300,300,300,300,300,300,300,300,300,300,300,300,300,300,300,300,300,300,300
DA,Next Day,Joda,320,64,123,179,238,258,309,322,368,414,460,506,552,598,644,690,795,795,795,795,795,795,795,795,795,795,795
DA,Next Day,McDowells,321,63,126,184,252,284,322,364,445,477,509,540,566,583,600,616,637,651,670,688,706,779,779,779,779,779,779
DA,Economy,Joda,322,57,110,163,216,240,289,322,368,414,460,506,552,598,644,690,795,795,795,795,795,795,795,795,795,795,795
DA,Economy,McDowells,323,60,118,175,227,263,300,300,300,300,300,300,300,300,300,300,300,300,300,300,300,300,300,300,300,300,300
KT,Next Day,Joda,324,75,148,216,284,305,363,389,445,500,556,612,667,709,709,709,795,795,795,795,795,795,795,795,795,795,795
KT,Next Day,McDowells,325,63,126,184,252,284,322,364,445,477,509,540,566,583,600,616,637,651,670,688,706,779,779,779,779,779,779
KT,Economy,Joda,326,67,131,193,253,276,333,389,445,500,556,612,667,709,709,709,795,795,795,795,795,795,795,795,795,795,795
KT,Economy,McDowells,327,60,118,175,227,263,300,300,300,300,300,300,300,300,300,300,300,300,300,300,300,300,300,300,300,300,300
ME,Next Day,Joda,328,75,148,216,284,306,368,387,443,498,553,609,664,720,741,775,850,850,850,850,850,850,850,850,850,850,850
ME,Next Day,McDowells,329,77,148,216,286,337,387,437,492,526,558,602,644,685,727,768,810,851,893,934,955,971,971,971,971,971,971
ME,Economy,Joda,330,63,119,175,232,254,301,387,443,498,553,609,664,720,741,775,850,850,850,850,850,850,850,850,850,850,850
ME,Economy,McDowells,331,61,122,183,244,291,349,349,349,349,349,349,349,349,349,349,349,349,349,349,349,349,349,349,349,349,349
RH,Next Day,Joda,332,69,132,196,253,280,331,334,380,428,476,523,571,619,667,707,773,773,773,773,773,773,773,773,773,773,773
RH,Next Day,McDowells,333,63,126,184,252,284,322,364,445,477,509,540,566,583,600,616,637,651,670,688,706,779,779,779,779,779,779
RH,Economy,Joda,334,62,117,175,231,253,302,334,380,428,476,523,571,619,667,707,773,773,773,773,773,773,773,773,773,773,773
RH,Economy,McDowells,335,60,118,175,227,263,300,300,300,300,300,300,300,300,300,300,300,300,300,300,300,300,300,300,300,300,300
SM,Next Day,Joda,336,75,144,213,272,321,372,382,436,491,545,600,654,695,695,695,795,795,795,795,795,795,795,795,795,795,795
SM,Next Day,McDowells,337,63,126,184,252,284,322,364,445,477,509,540,566,583,600,616,637,651,670,688,706,779,779,779,779,779,779
SM,Economy,Joda,338,67,131,193,253,276,333,382,436,491,545,600,654,695,695,695,795,795,795,795,795,795,795,795,795,795,795
SM,Economy,McDowells,339,60,118,175,227,263,300,300,300,300,300,300,300,300,300,300,300,300,300,300,300,300,300,300,300,300,300
SS,Next Day,Joda,340,66,127,189,244,268,317,349,399,449,498,548,598,648,672,672,738,738,738,738,738,738,738,738,738,738,738
SS,Next Day,McDowells,341,63,126,184,252,284,322,364,445,477,509,540,566,583,600,616,637,651,670,688,706,779,779,779,779,779,779
SS,Economy,Joda,342,55,104,153,201,219,260,349,399,449,498,548,598,648,672,672,738,738,738,738,738,738,738,738,738,738,738
SS,Economy,McDowells,343,60,118,175,227,263,300,300,300,300,300,300,300,300,300,300,300,300,300,300,300,300,300,300,300,300,300
TA,Next Day,Joda,344,70,132,196,256,283,332,349,399,449,498,548,598,648,698,748,803,803,803,803,803,803,803,803,803,803,803
TA,Next Day,McDowells,345,77,148,216,286,337,387,437,492,526,558,602,644,685,727,768,810,851,893,934,955,971,971,971,971,971,971
TA,Economy,Joda,346,57,107,157,208,225,269,349,399,449,498,548,598,648,698,748,803,803,803,803,803,803,803,803,803,803,803
TA,Economy,McDowells,347,61,122,183,244,291,349,349,349,349,349,349,349,349,349,349,349,349,349,349,349,349,349,349,349,349,349
TW,Next Day,Joda,348,69,132,196,253,280,331,427,488,548,610,671,686,702,728,761,795,795,795,795,795,795,795,795,795,795,795
TW,Next Day,McDowells,349,63,126,184,252,284,322,364,445,477,509,540,566,583,600,616,637,651,670,688,706,779,779,779,779,779,779
TW,Economy,Joda,350,62,117,175,231,253,302,427,488,548,610,671,686,702,728,761,795,795,795,795,795,795,795,795,795,795,795
TW,Economy,McDowells,351,60,118,175,227,263,300,300,300,300,300,300,300,300,300,300,300,300,300,300,300,300,300,300,300,300,300
UB,Next Day,Joda,352,69,132,196,253,280,331,427,488,548,610,671,686,702,728,761,795,795,795,795,795,795,795,795,795,795,795
UB,Next Day,McDowells,353,63,126,184,252,284,322,364,445,477,509,540,566,583,600,616,637,651,670,688,706,779,779,779,779,779,779
UB,Economy,Joda,354,62,117,175,231,253,302,427,488,548,610,671,686,702,728,761,795,795,795,795,795,795,795,795,795,795,795
UB,Economy,McDowells,355,60,118,175,227,263,300,300,300,300,300,300,300,300,300,300,300,300,300,300,300,300,300,300,300,300,300
BH,Next Day,Joda,356,75,148,216,284,306,368,387,443,498,553,609,664,720,774,830,870,870,870,870,870,870,870,870,870,870,870
BH,Next Day,McDowells,357,77,148,216,286,337,387,437,492,526,558,602,644,685,727,768,810,851,893,934,955,971,971,971,971,971,971
BH,Economy,Joda,358,63,119,175,232,254,301,387,443,498,553,609,664,720,774,830,870,870,870,870,870,870,870,870,870,870,870
BH,Economy,McDowells,359,61,122,183,244,291,349,349,349,349,349,349,349,349,349,349,349,349,349,349,349,349,349,349,349,349,349
BN,Next Day,Joda,360,79,155,226,296,310,389,402,460,517,575,631,689,746,804,862,870,870,870,870,870,870,870,870,870,870,870
BN,Next Day,McDowells,361,77,148,216,286,337,387,437,492,526,558,602,644,685,727,768,810,851,893,934,955,971,971,971,971,971,971
BN,Economy,Joda,362,65,125,183,242,270,322,402,460,517,575,631,689,746,804,862,870,870,870,870,870,870,870,870,870,870,870
BN,Economy,McDowells,363,61,122,183,244,291,349,349,349,349,349,349,349,349,349,349,349,349,349,349,349,349,349,349,349,349,349
CT,Next Day,Joda,364,87,169,250,328,348,408,467,541,633,670,704,769,832,876,876,876,876,876,876,876,876,876,876,876,876,876
CT,Next Day,McDowells,365,77,148,216,286,337,387,437,492,526,558,602,644,685,727,768,810,851,893,934,955,971,971,971,971,971,971
CT,Economy,Joda,366,76,149,220,287,303,361,467,541,633,670,704,769,832,876,876,876,876,876,876,876,876,876,876,876,876,876
CT,Economy,McDowells,367,61,122,183,244,291,349,349,349,349,349,349,349,349,349,349,349,349,349,349,349,349,349,349,349,349,349
DT,Next Day,Joda,368,75,147,215,283,305,360,387,443,498,553,609,664,720,774,830,950,950,950,950,950,950,950,950,950,950,950
DT,Next Day,McDowells,369,77,148,216,286,337,387,437,492,526,558,602,644,685,727,768,810,851,893,934,955,971,971,971,971,971,971
DT,Economy,Joda,370,64,120,177,234,258,303,387,443,498,553,609,664,720,774,830,950,950,950,950,950,950,950,950,950,950,950
DT,Economy,McDowells,371,61,122,183,244,291,349,349,349,349,349,349,349,349,349,349,349,349,349,349,349,349,349,349,349,349,349
PO1-29,Next Day,Joda,380,66,127,189,244,268,317,349,399,449,498,548,598,648,698,748,875,875,875,875,875,875,875,875,875,875,875
PO1-29,Next Day,McDowells,381,77,148,216,286,337,387,437,492,526,558,602,644,685,727,768,810,851,893,934,955,971,971,971,971,971,971
PO1-29,Economy,Joda,382,55,104,153,201,219,260,349,399,449,498,548,598,648,698,748,875,875,875,875,875,875,875,875,875,875,875
PO1-29,Economy,McDowells,383,61,122,183,244,291,349,349,349,349,349,349,349,349,349,349,349,349,349,349,349,349,349,349,349,349,349
PO 30-41,Next Day,Joda,384,105,200,292,385,455,547,On request,,,,,,,,,,,,,,,,,,,
PO 30-41,Next Day,McDowells,385,77,148,216,286,337,387,437,492,526,558,602,644,685,727,768,810,851,893,934,955,971,971,971,971,971,971
PO 30-41,Economy,Joda,386,93,168,234,313,393,456,On request,,,,,,,,,,,,,,,,,,,
PO 30-41,Economy,McDowells,387,61,122,183,244,291,349,349,349,349,349,349,349,349,349,349,349,349,349,349,349,349,349,349,349,349,349
SO,Next Day,Joda,388,66,127,189,244,268,317,349,399,449,498,548,598,648,698,748,850,850,850,850,850,850,850,850,850,850,850
SO,Next Day,McDowells,389,77,148,216,286,337,387,437,492,526,558,602,644,685,727,768,810,851,893,934,955,971,971,971,971,971,971
SO,Economy,Joda,390,55,104,153,201,219,260,349,399,449,498,548,598,648,698,748,850,850,850,850,850,850,850,850,850,850,850
SO,Economy,McDowells,391,61,122,183,244,291,349,349,349,349,349,349,349,349,349,349,349,349,349,349,349,349,349,349,349,349,349
"TN 4-7, 16,23,24,27",Next Day,Joda,396,78,150,222,291,316,375,402,460,517,575,631,689,730,730,730,852,852,852,852,852,852,852,852,852,852,852
"TN 4-7, 16,23,24,27",Next Day,McDowells,397,77,148,216,286,337,387,437,492,526,558,602,644,685,727,768,810,851,893,934,955,971,971,971,971,971,971
"TN 4-7, 16,23,24,27",Economy,Joda,398,65,125,183,242,270,320,402,460,517,575,631,689,730,730,730,852,852,852,852,852,852,852,852,852,852,852
"TN 4-7, 16,23,24,27",Economy,McDowells,399,61,122,183,244,291,349,349,349,349,349,349,349,349,349,349,349,349,349,349,349,349,349,349,349,349,349
TN (All others),Next Day,Joda,400,78,150,222,291,316,375,402,460,517,575,631,689,730,730,730,852,852,852,852,852,852,852,852,852,852,852
TN (All others),Next Day,McDowells,401,77,148,216,286,337,387,437,492,526,558,602,644,685,727,768,810,851,893,934,955,971,971,971,971,971,971
TN (All others),Economy,Joda,402,65,125,183,242,270,320,402,460,517,575,631,689,730,730,730,852,852,852,852,852,852,852,852,852,852,852
TN (All others),Economy,McDowells,403,61,122,183,244,291,349,349,349,349,349,349,349,349,349,349,349,349,349,349,349,349,349,349,349,349,349
CA,Next Day,Joda,404,87,169,250,328,348,405,449,512,576,614,614,614,614,614,614,625,625,625,625,625,625,625,625,625,625,625
CA,Next Day,McDowells,405,79,160,235,313,322,327,337,363,374,384,394,405,415,426,436,436,441,452,460,460,460,460,460,460,460,460
CA,Economy,Joda,406,76,149,220,287,303,361,449,512,576,614,614,614,614,614,614,625,625,625,625,625,625,625,625,625,625,625
CA,Economy,McDowells,407,73,146,212,281,301,306,306,306,306,306,306,306,306,306,306,306,306,306,306,306,306,306,306,306,306,306
EC,Next Day,Joda,408,82,160,235,307,327,378,427,488,548,610,671,695,695,695,695,795,795,795,795,795,795,795,795,795,795,795
EC,Next Day,McDowells,409,83,166,245,323,386,445,502,517,564,597,607,618,633,649,664,675,685,695,706,711,716,716,716,716,716,716
EC,Economy,Joda,410,71,140,201,267,291,349,427,488,548,610,671,695,695,695,695,795,795,795,795,795,795,795,795,795,795,795
EC,Economy,McDowells,411,78,151,222,291,344,397,397,397,397,397,397,397,397,397,397,397,397,397,397,397,397,397,397,397,397,397
EH,Next Day,Joda,412,84,164,246,297,347,403,434,530,636,636,657,689,725,795,795,795,795,795,795,795,795,795,795,795,795,795
EH,Next Day,McDowells,413,85,170,245,323,332,343,374,436,457,488,540,571,602,623,654,685,716,737,758,779,779,779,779,779,779,779
EH,Economy,Joda,414,73,138,207,274,314,365,434,530,636,636,657,689,725,795,795,795,795,795,795,795,795,795,795,795,795,795
EH,Economy,McDowells,415,78,151,222,291,311,322,322,322,322,322,322,322,322,322,322,322,322,322,322,322,322,322,322,322,322,322
EX,Next Day,Joda,416,79,155,223,296,310,383,402,460,517,575,631,689,746,804,862,1079,1079,1079,1079,1079,1079,1079,1079,1079,1079,1079
EX,Next Day,McDowells,417,93,183,269,351,422,486,552,618,683,716,779,882,986,986,986,986,986,986,986,986,986,986,986,986,986,986
EX,Economy,Joda,418,65,125,183,242,270,320,402,460,517,575,631,689,746,804,862,1079,1079,1079,1079,1079,1079,1079,1079,1079,1079,1079
EX,Economy,McDowells,419,77,154,231,297,372,429,429,429,429,429,429,429,429,429,429,429,429,429,429,429,429,429,429,429,429,429
FK,Next Day,Joda,420,84,164,246,297,347,403,434,495,557,619,681,743,750,750,750,775,775,775,775,775,775,775,775,775,775,775
FK,Next Day,McDowells,421,85,170,245,323,386,445,502,519,564,597,623,637,658,684,705,727,749,779,830,882,882,882,882,882,882,882
FK,Economy,Joda,422,73,138,207,274,314,365,434,495,557,619,681,743,750,750,750,775,775,775,775,775,775,775,775,775,775,775
FK,Economy,McDowells,423,78,151,222,291,348,368,368,368,368,368,368,368,368,368,368,368,368,368,368,368,368,368,368,368,368,368
G,Next Day,Joda,424,84,164,246,297,347,403,434,495,557,619,681,743,750,750,750,775,775,775,775,775,775,775,775,775,775,775
G,Next Day,McDowells,425,85,170,245,323,332,343,374,436,457,488,540,571,602,623,654,685,716,737,758,779,779,779,779,779,779,779
G,Economy,Joda,426,73,138,207,274,314,365,434,495,557,619,681,743,750,750,750,775,775,775,775,775,775,775,775,775,775,775
G,Economy,McDowells,427,78,151,222,291,311,322,322,322,322,322,322,322,322,322,322,322,322,322,322,322,322,322,322,322,322,322
KA1-26 & 29,Next Day,Joda,428,83,159,235,297,347,403,434,495,557,619,681,743,750,750,750,750,750,750,750,750,750,750,750,750,750,750
KA1-26 & 29,Next Day,McDowells,429,85,170,245,323,332,343,374,436,457,488,540,571,602,623,654,685,716,737,758,779,779,779,779,779,779,779
KA1-26 & 29,Economy,Joda,430,73,140,207,274,314,376,434,495,557,619,681,743,750,750,750,750,750,750,750,750,750,750,750,750,750,750
KA1-26 & 29,Economy,McDowells,431,78,151,222,291,311,322,322,322,322,322,322,322,322,322,322,322,322,322,322,322,322,322,322,322,322,322
KA27 - 28,Next Day,Joda,432,,,,,,,,,,,,,,,,,,,,,,,,,,
KA27 - 28,Next Day,McDowells,433,85,170,245,323,332,343,374,436,457,488,540,571,602,623,654,685,716,737,758,779,779,779,779,779,779,779
KA27 - 28,Economy,Joda,434,167,282,393,493,511,592,,,,,,,,,,,,,,,,,,,,
KA27 - 28,Economy,McDowells,435,78,151,222,291,311,322,322,322,322,322,322,322,322,322,322,322,322,322,322,322,322,322,322,322,322,322
KY 11 - 12,Next Day,Joda,436,81,160,239,288,337,392,421,481,542,602,662,722,782,843,850,850,850,850,850,850,850,850,850,850,850,850
KY 11 - 12,Next Day,McDowells,437,85,170,245,323,386,445,502,519,564,597,623,637,658,684,705,727,749,779,830,882,882,882,882,882,882,882
KY 11 - 12,Economy,Joda,438,71,134,201,267,305,355,421,481,542,602,662,722,782,843,850,850,850,850,850,850,850,850,850,850,850,850
KY 11 - 12,Economy,McDowells,439,78,151,222,291,348,368,368,368,368,368,368,368,368,368,368,368,368,368,368,368,368,368,368,368,368,368
KY 1 - 10 & 13+,Next Day,Joda,440,81,160,239,288,337,392,421,481,542,602,662,722,782,843,850,850,850,850,850,850,850,850,850,850,850,850
KY 1 - 10 & 13+,Next Day,McDowells,441,85,170,245,323,386,445,502,519,564,597,623,637,658,684,705,727,749,779,830,882,882,882,882,882,882,882
KY 1 - 10 & 13+,Economy,Joda,442,71,134,201,267,305,355,421,481,542,602,662,722,782,843,850,850,850,850,850,850,850,850,850,850,850,850
KY 1 - 10 & 13+,Economy,McDowells,443,78,151,222,291,348,368,368,368,368,368,368,368,368,368,368,368,368,368,368,368,368,368,368,368,368,368
LD,Next Day,Joda,444,79,155,223,296,310,383,402,460,517,575,631,689,746,750,750,775,775,775,775,775,775,775,775,775,775,775
LD,Next Day,McDowells,445,58,116,174,221,253,284,349,415,426,436,446,457,467,477,488,498,509,519,519,519,519,519,519,519,519,519
LD,Economy,Joda,446,65,125,183,242,270,320,402,460,517,575,631,689,746,750,750,775,775,775,775,775,775,775,775,775,775,775
LD,Economy,McDowells,447,52,104,156,202,225,262,262,262,262,262,262,262,262,262,262,262,262,262,262,262,262,262,262,262,262,262
ML,Next Day,Joda,448,84,166,246,324,347,403,462,527,592,659,681,743,750,750,750,775,775,775,775,775,775,775,775,775,775,775
ML,Next Day,McDowells,449,85,170,245,323,332,343,374,436,457,488,540,571,602,623,654,685,716,737,758,779,779,779,779,779,779,779
ML,Economy,Joda,450,75,148,216,283,309,365,462,527,592,659,681,743,750,750,750,775,775,775,775,775,775,775,775,775,775,775
ML,Economy,McDowells,451,78,151,222,291,311,322,322,322,322,322,322,322,322,322,322,322,322,322,322,322,322,322,322,322,322,322
N,Next Day,Joda,452,82,160,235,307,327,389,427,488,548,610,671,672,672,672,672,795,795,795,795,795,795,795,795,795,795,795
N,Next Day,McDowells,453,83,166,245,323,386,445,502,517,564,597,607,618,633,649,664,675,685,695,706,711,716,716,716,716,716,716
N,Economy,Joda,454,71,137,201,267,291,349,427,488,548,610,671,672,672,672,672,795,795,795,795,795,795,795,795,795,795,795
N,Economy,McDowells,455,78,151,222,291,344,397,397,397,397,397,397,397,397,397,397,397,397,397,397,397,397,397,397,397,397,397
NW,Next Day,Joda,456,82,160,235,307,327,378,427,488,548,610,671,695,695,695,695,795,795,795,795,795,795,795,795,795,795,795
NW,Next Day,McDowells,457,83,166,245,323,386,445,502,517,564,597,607,618,633,649,664,675,685,695,706,711,716,716,716,716,716,716
NW,Economy,Joda,458,71,140,201,267,291,349,427,488,548,610,671,695,695,695,695,795,795,795,795,795,795,795,795,795,795,795
NW,Economy,McDowells,459,78,151,222,291,344,397,397,397,397,397,397,397,397,397,397,397,397,397,397,397,397,397,397,397,397,397
PA1-19,Next Day,Joda,460,84,173,257,308,347,403,434,495,557,619,681,743,805,867,902,937,937,937,937,937,937,937,937,937,937,937
PA1-19,Next Day,McDowells,461,85,170,245,323,386,445,502,519,564,597,623,637,658,684,705,727,749,779,830,882,882,882,882,882,882,882
PA1-19,Economy,Joda,462,73,138,207,274,314,365,434,495,557,619,681,743,805,867,902,937,937,937,937,937,937,937,937,937,937,937
PA1-19,Economy,McDowells,463,78,151,222,291,348,368,368,368,368,368,368,368,368,368,368,368,368,368,368,368,368,368,368,368,368,368
PA 20+,Next Day,Joda,464,On request,,,,,,,,,,,,,,,,,,,,,,,,,
PA 20+,Next Day,McDowells,465,170,340,395,497,618,618,618,618,618,618,618,618,618,618,618,618,618,618,618,618,618,618,618,618,618,618
PA 20+,Economy,Joda,466,On request,,,,,,,,,,,,,,,,,,,,,,,,,
PA 20+,Economy,McDowells,467,136,272,372,475,592,592,592,592,592,592,592,592,592,592,592,592,592,592,592,592,592,592,592,592,592,592
SE,Next Day,Joda,468,82,160,235,307,327,378,427,488,548,610,671,695,695,695,695,795,795,795,795,795,795,795,795,795,795,795
SE,Next Day,McDowells,469,83,166,245,323,386,445,502,517,564,597,607,618,633,649,664,675,685,695,706,711,716,716,716,716,716,716
SE,Economy,Joda,470,71,160,201,267,291,349,427,488,548,610,671,695,695,695,695,795,795,795,795,795,795,795,795,795,795,795
SE,Economy,McDowells,471,78,151,222,291,344,397,397,397,397,397,397,397,397,397,397,397,397,397,397,397,397,397,397,397,397,397
SW,Next Day,Joda,472,82,160,235,307,327,378,427,488,548,610,671,695,695,695,695,795,795,795,795,795,795,795,795,795,795,795
SW,Next Day,McDowells,473,83,166,245,323,386,445,502,517,564,597,607,618,633,649,664,675,685,695,706,711,716,716,716,716,716,716
SW,Economy,Joda,474,71,160,201,267,291,349,427,488,548,610,671,695,695,695,695,795,795,795,795,795,795,795,795,795,795,795
SW,Economy,McDowells,475,78,151,222,291,344,397,397,397,397,397,397,397,397,397,397,397,397,397,397,397,397,397,397,397,397,397
SY(All Others),Next Day,Joda,480,87,171,251,326,348,403,449,512,576,637,637,637,637,637,637,738,738,738,738,738,738,738,738,738,738,738
SY(All Others),Next Day,McDowells,481,58,116,174,221,253,284,306,354,381,406,415,420,426,431,436,441,446,452,457,467,476,476,476,476,476,476
SY(All Others),Economy,Joda,482,76,149,220,287,301,361,449,512,576,637,637,637,637,637,637,738,738,738,738,738,738,738,738,738,738,738
SY(All Others),Economy,McDowells,483,50,100,150,188,215,234,234,234,234,234,234,234,234,234,234,234,234,234,234,234,234,234,234,234,234,234
TQ,Next Day,Joda,484,78,150,222,291,316,375,402,460,517,575,631,689,746,804,862,1250,1250,1250,1250,1250,1250,1250,1250,1250,1250,1250
TQ,Next Day,McDowells,485,93,183,269,351,422,486,552,618,683,716,779,882,986,986,986,986,986,986,986,986,986,986,986,986,986,986
TQ,Economy,Joda,486,65,125,183,242,270,320,402,460,517,575,631,689,746,804,862,1250,1250,1250,1250,1250,1250,1250,1250,1250,1250,1250
TQ,Economy,McDowells,487,77,154,231,297,372,429,429,429,429,429,429,429,429,429,429,429,429,429,429,429,429,429,429,429,429,429
W,Next Day,Joda,488,82,160,235,307,327,378,427,488,548,610,671,695,728,744,755,795,795,795,795,795,795,795,795,795,795,795
W,Next Day,McDowells,489,83,166,245,323,386,445,502,517,564,597,607,618,633,649,664,675,685,695,706,711,716,716,716,716,716,716
W,Economy,Joda,490,71,160,201,267,291,349,427,488,548,610,671,695,728,744,755,795,795,795,795,795,795,795,795,795,795,795
W,Economy,McDowells,491,78,151,222,291,344,397,397,397,397,397,397,397,397,397,397,397,397,397,397,397,397,397,397,397,397,397
WC,Next Day,Joda,492,82,160,235,307,327,378,427,488,548,610,671,686,702,728,761,795,795,795,795,795,795,795,795,795,795,795
WC,Next Day,McDowells,493,83,166,245,323,386,445,502,517,564,597,607,618,633,649,664,675,685,695,706,711,716,716,716,716,716,716
WC,Economy,Joda,494,71,160,201,267,291,349,427,488,548,610,671,686,702,728,761,795,795,795,795,795,795,795,795,795,795,795
WC,Economy,McDowells,495,78,151,222,291,344,397,397,397,397,397,397,397,397,397,397,397,397,397,397,397,397,397,397,397,397,397
DG,Next Day,Joda,496,,,,,,,,,,,,,,,,,,,,,,,,,,
DG,Next Day,McDowells,497,85,170,245,323,332,343,374,436,457,488,540,571,602,623,654,685,716,737,758,779,779,779,779,779,779,779
DG,Economy,Joda,498,,,,,,,,,,,,,,,,,,,,,,,,,,
DG,Economy,McDowells,499,78,151,222,291,311,322,322,322,322,322,322,322,322,322,322,322,322,322,322,322,322,322,322,322,322,322
DG 1-7 & 10-16,Next Day,Joda,500,87,172,252,327,348,416,455,520,584,650,714,753,753,753,753,749,749,749,749,749,749,749,749,749,749,749
DG 1-7 & 10-16,Next Day,McDowells,501,85,170,245,323,332,343,374,436,457,488,540,571,602,623,654,685,716,737,758,779,779,779,779,779,779,779
DG 1-7 & 10-16,Economy,Joda,502,76,150,221,291,301,365,455,520,584,650,714,753,753,753,753,749,749,749,749,749,749,749,749,749,749,749
DG 1-7 & 10-16,Economy,McDowells,503,78,151,222,291,311,322,322,322,322,322,322,322,322,322,322,322,322,322,322,322,322,322,322,322,322,322
DG 8-9,Next Day,Joda,504,87,172,252,327,348,416,455,520,584,650,714,753,753,753,753,749,749,749,749,749,749,749,749,749,749,749
DG 8-9,Next Day,McDowells,505,85,170,245,323,332,343,374,436,457,488,540,571,602,623,654,685,716,737,758,779,779,779,779,779,779,779
DG 8-9,Economy,Joda,506,76,150,221,291,301,365,455,520,584,650,714,753,753,753,753,749,749,749,749,749,749,749,749,749,749,749
DG 8-9,Economy,McDowells,507,78,151,222,291,311,322,322,322,322,322,322,322,322,322,322,322,322,322,322,322,322,322,322,322,322,322
PL,Next Day,Joda,508,87,169,250,328,348,403,449,512,576,640,704,769,832,896,961,1533,1533,1533,1533,1533,1533,1533,1533,1533,1533,1533
PL,Next Day,McDowells,509,93,183,269,351,422,486,552,618,683,716,779,882,986,986,986,986,986,986,986,986,986,986,986,986,986,986
PL,Economy,Joda,510,76,149,220,287,303,361,449,512,576,640,704,769,832,896,961,1533,1533,1533,1533,1533,1533,1533,1533,1533,1533,1533
PL,Economy,McDowells,511,77,154,231,297,372,429,429,429,429,429,429,429,429,429,429,429,429,429,429,429,429,429,429,429,429,429
SA,Next Day,Joda,512,87,169,250,326,348,403,449,512,576,637,670,695,695,721,773,773,773,773,773,773,773,773,773,773,773,773
SA,Next Day,McDowells,513,93,183,269,351,422,486,552,618,683,716,779,882,986,986,986,986,986,986,986,986,986,986,986,986,986,986
SA,Economy,Joda,514,76,149,220,287,303,361,449,512,576,637,670,695,695,721,773,773,773,773,773,773,773,773,773,773,773,773
SA,Economy,McDowells,515,77,154,231,297,372,429,429,429,429,429,429,429,429,429,429,429,429,429,429,429,429,429,429,429,429,429
TD,Next Day,Joda,516,86,169,249,322,343,397,449,512,576,640,704,769,778,778,778,778,778,778,778,778,778,778,778,778,778,778
TD,Next Day,McDowells,517,85,170,245,323,332,343,374,436,457,488,540,571,602,623,654,685,716,737,758,779,779,779,779,779,779,779
TD,Economy,Joda,518,75,148,217,287,297,355,449,512,576,640,704,769,778,778,778,778,778,778,778,778,778,778,778,778,778,778
TD,Economy,McDowells,519,78,151,222,291,311,322,322,322,322,322,322,322,322,322,322,322,322,322,322,322,322,322,322,322,322,322
TR,Next Day,Joda,520,86,171,252,324,343,403,449,512,576,640,704,769,832,896,961,1646,1646,1646,1646,1646,1646,1646,1646,1646,1646,1646
TR,Next Day,McDowells,521,93,183,269,351,422,486,552,618,683,716,779,882,986,986,986,986,986,986,986,986,986,986,986,986,986,986
TR,Economy,Joda,522,77,148,221,285,295,365,449,512,576,640,704,769,832,896,961,1646,1646,1646,1646,1646,1646,1646,1646,1646,1646,1646
TR,Economy,McDowells,523,77,154,231,297,372,429,429,429,429,429,429,429,429,429,429,429,429,429,429,429,429,429,429,429,429,429
E,Next Day,Joda,524,82,160,235,307,327,378,427,488,548,610,671,695,695,695,695,795,795,795,795,795,795,795,795,795,795,795
E,Next Day,McDowells,525,83,166,245,323,386,445,502,517,564,597,607,618,633,649,664,675,685,695,706,711,716,716,716,716,716,716
E,Economy,Joda,526,71,140,201,267,291,349,427,488,548,610,671,695,695,695,695,795,795,795,795,795,795,795,795,795,795,795
E,Economy,McDowells,527,78,151,222,291,344,397,397,397,397,397,397,397,397,397,397,397,397,397,397,397,397,397,397,397,397,397
L,Next Day,Joda,528,59,103,151,199,215,255,284,318,341,375,386,397,409,420,431,454,454,454,454,454,454,454,454,454,454,454
L,Next Day,McDowells,529,58,116,174,221,253,284,306,354,381,406,415,420,426,431,436,441,446,452,457,467,476,476,476,476,476,476
L,Economy,Joda,530,52,92,136,177,196,236,284,318,341,375,386,397,409,420,431,454,454,454,454,454,454,454,454,454,454,454
L,Economy,McDowells,531,50,100,150,188,215,234,234,234,234,234,234,234,234,234,234,234,234,234,234,234,234,234,234,234,234,234
"PH 1-7, 14",Next Day,Joda,532,119,237,349,441,477,557,,,,,,,,,,,,,,,,,,,,
"PH 1-7, 14",Next Day,McDowells,533,170,340,395,497,618,618,618,618,618,618,618,618,618,618,618,618,618,618,618,618,618,618,618,618,618,618
"PH 1-7, 14",Economy,Joda,534,98,195,285,373,388,460,,,,,,,,,,,,,,,,,,,,
"PH 1-7, 14",Economy,McDowells,535,136,272,372,475,592,592,592,592,592,592,592,592,592,592,592,592,592,592,592,592,592,592,592,592,592,592
PH 8-13,Next Day,Joda,536,123,241,355,456,487,569,,,,,,,,,,,,,,,,,,,,
PH 8-13,Next Day,McDowells,537,170,340,395,497,618,618,618,618,618,618,618,618,618,618,618,618,618,618,618,618,618,618,618,618,618,618
PH 8-13,Economy,Joda,538,117,232,343,443,461,542,,,,,,,,,,,,,,,,,,,,
PH 8-13,Economy,McDowells,539,136,272,372,475,592,592,592,592,592,592,592,592,592,592,592,592,592,592,592,592,592,592,592,592,592,592
PH 15+,Next Day,Joda,540,,,,,,,,,,,,,,,,,,,,,,,,,,
PH 15+,Next Day,McDowells,541,170,340,395,497,618,618,618,618,618,618,618,618,618,618,618,618,618,618,618,618,618,618,618,618,618,618
PH 15+,Economy,Joda,542,167,282,393,493,511,592,,,,,,,,,,,,,,,,,,,,
PH 15+,Economy,McDowells,543,136,272,372,475,592,592,592,592,592,592,592,592,592,592,592,592,592,592,592,592,592,592,592,592,592,592
